timestamp,pair,equity,equity_peak,drawdown_pct,signal_bias,final_signal,risk_approved,risk_reason,risk_amount_usd,regime,trading_enabled,circuit_breaker_active,cooldown_bars_remaining
2026-05-25 10:45:00+00:00,EURUSD,10000.0,10000.0,0.0,0,0.0,False,flat_signal,0.0,range,True,False,0
2026-05-25 10:50:00+00:00,EURUSD,10000.0,10000.0,0.0,0,0.0,False,flat_signal,0.0,range,True,False,0
2026-05-25 10:55:00+00:00,EURUSD,10000.0,10000.0,0.0,0,0.0,False,flat_signal,0.0,range,True,False,0
2026-05-25 11:00:00+00:00,EURUSD,10000.0,10000.0,0.0,0,0.0,False,flat_signal,0.0,range,True,False,0
2026-05-25 11:05:00+00:00,EURUSD,10000.0,10000.0,0.0,0,0.0,False,flat_signal,0.0,range,True,False,0
2026-05-25 11:10:00+00:00,EURUSD,10000.0,10000.0,0.0,0,0.0,False,flat_signal,0.0,range,True,False,0
2026-05-25 11:15:00+00:00,EURUSD,10000.0,10000.0,0.0,0,0.0,False,flat_signal,0.0,range,True,False,0
2026-05-25 11:20:00+00:00,EURUSD,10000.0,10000.0,0.0,0,0.0,False,flat_signal,0.0,range,True,False,0
2026-05-25 11:25:00+00:00,EURUSD,10000.0,10000.0,0.0,0,0.0,False,flat_signal,0.0,range,True,False,0
2026-05-25 11:30:00+00:00,EURUSD,10000.0,10000.0,0.0,0,0.0,False,flat_signal,0.0,range,True,False,0
2026-05-25 11:35:00+00:00,EURUSD,10000.0,10000.0,0.0,0,0.0,False,flat_signal,0.0,range,True,False,0
2026-05-25 11:40:00+00:00,EURUSD,10000.0,10000.0,0.0,0,0.0,False,flat_signal,0.0,range,True,False,0
2026-05-25 11:45:00+00:00,EURUSD,10000.0,10000.0,0.0,0,0.0,False,flat_signal,0.0,range,True,False,0
2026-05-25 11:50:00+00:00,EURUSD,10000.0,10000.0,0.0,0,0.0,False,flat_signal,0.0,range,True,False,0
2026-05-25 11:55:00+00:00,EURUSD,10000.0,10000.0,0.0,0,0.0,False,flat_signal,0.0,range,True,False,0
2026-05-25 12:00:00+00:00,EURUSD,10000.0,10000.0,0.0,0,0.0,False,flat_signal,0.0,range,True,False,0
2026-05-25 12:05:00+00:00,EURUSD,10000.0,10000.0,0.0,0,0.0,False,flat_signal,0.0,range,True,False,0
2026-05-25 12:10:00+00:00,EURUSD,10000.0,10000.0,0.0,0,0.0,False,flat_signal,0.0,range,True,False,0
2026-05-25 12:15:00+00:00,EURUSD,10000.0,10000.0,0.0,0,0.0,False,flat_signal,0.0,range,True,False,0
2026-05-25 12:20:00+00:00,EURUSD,10000.0,10000.0,0.0,0,0.0,False,flat_signal,0.0,range,True,False,0
2026-05-25 12:25:00+00:00,EURUSD,10000.0,10000.0,0.0,0,0.0,False,flat_signal,0.0,range,True,False,0
2026-05-25 12:30:00+00:00,EURUSD,10000.0,10000.0,0.0,0,0.0,False,flat_signal,0.0,range,True,False,0
2026-05-25 12:35:00+00:00,EURUSD,10000.0,10000.0,0.0,0,0.0,False,flat_signal,0.0,range,True,False,0
2026-05-25 12:40:00+00:00,EURUSD,10000.0,10000.0,0.0,0,0.0,False,flat_signal,0.0,range,True,False,0
2026-05-25 12:45:00+00:00,EURUSD,10000.0,10000.0,0.0,0,0.0,False,flat_signal,0.0,range,True,False,0
2026-05-25 12:50:00+00:00,EURUSD,10000.0,10000.0,0.0,0,0.0,False,flat_signal,0.0,range,True,False,0
2026-05-25 12:55:00+00:00,EURUSD,10000.0,10000.0,0.0,0,0.0,False,flat_signal,0.0,range,True,False,0
2026-05-25 13:00:00+00:00,EURUSD,10000.0,10000.0,0.0,0,0.0,False,flat_signal,0.0,range,True,False,0
2026-05-25 13:05:00+00:00,EURUSD,10000.0,10000.0,0.0,0,0.0,False,flat_signal,0.0,range,True,False,0
2026-05-25 13:10:00+00:00,EURUSD,10000.0,10000.0,0.0,0,0.0,False,flat_signal,0.0,range,True,False,0
2026-05-25 13:15:00+00:00,EURUSD,10000.0,10000.0,0.0,0,0.0,False,flat_signal,0.0,range,True,False,0
2026-05-25 13:20:00+00:00,EURUSD,10000.0,10000.0,0.0,0,0.0,False,flat_signal,0.0,range,True,False,0
2026-05-25 13:25:00+00:00,EURUSD,10000.0,10000.0,0.0,0,0.0,False,flat_signal,0.0,range,True,False,0
2026-05-25 13:30:00+00:00,EURUSD,10000.0,10000.0,0.0,0,0.0,False,flat_signal,0.0,range,True,False,0
2026-05-25 13:35:00+00:00,EURUSD,10000.0,10000.0,0.0,0,0.0,False,flat_signal,0.0,range,True,False,0
2026-05-25 13:40:00+00:00,EURUSD,10000.0,10000.0,0.0,0,0.0,False,flat_signal,0.0,range,True,False,0
2026-05-25 13:45:00+00:00,EURUSD,10000.0,10000.0,0.0,0,0.0,False,flat_signal,0.0,range,True,False,0
2026-05-25 13:50:00+00:00,EURUSD,10000.0,10000.0,0.0,0,0.0,False,flat_signal,0.0,range,True,False,0
2026-05-25 13:55:00+00:00,EURUSD,10000.0,10000.0,0.0,0,0.0,False,flat_signal,0.0,range,True,False,0
2026-05-25 14:00:00+00:00,EURUSD,10000.0,10000.0,0.0,0,0.0,False,flat_signal,0.0,range,True,False,0
2026-05-25 14:05:00+00:00,EURUSD,10000.0,10000.0,0.0,0,0.0,False,flat_signal,0.0,range,True,False,0
2026-05-25 14:10:00+00:00,EURUSD,10000.0,10000.0,0.0,0,0.0,False,flat_signal,0.0,range,True,False,0
2026-05-25 14:15:00+00:00,EURUSD,10000.0,10000.0,0.0,0,0.0,False,flat_signal,0.0,range,True,False,0
2026-05-25 14:20:00+00:00,EURUSD,10000.0,10000.0,0.0,0,0.0,False,flat_signal,0.0,range,True,False,0
2026-05-25 14:25:00+00:00,EURUSD,10000.0,10000.0,0.0,0,0.0,False,flat_signal,0.0,range,True,False,0
2026-05-25 14:30:00+00:00,EURUSD,10000.0,10000.0,0.0,0,0.0,False,flat_signal,0.0,range,True,False,0
2026-05-25 14:35:00+00:00,EURUSD,10000.0,10000.0,0.0,0,0.0,False,flat_signal,0.0,range,True,False,0
2026-05-25 14:40:00+00:00,EURUSD,10000.0,10000.0,0.0,0,0.0,False,flat_signal,0.0,range,True,False,0
2026-05-25 14:45:00+00:00,EURUSD,10000.0,10000.0,0.0,0,0.0,False,flat_signal,0.0,range,True,False,0
2026-05-25 14:50:00+00:00,EURUSD,10000.0,10000.0,0.0,0,0.0,False,flat_signal,0.0,range,True,False,0
2026-05-25 14:55:00+00:00,EURUSD,10000.0,10000.0,0.0,0,0.0,False,flat_signal,0.0,range,True,False,0
2026-05-25 15:00:00+00:00,EURUSD,10000.0,10000.0,0.0,0,0.0,False,flat_signal,0.0,range,True,False,0
2026-05-25 15:05:00+00:00,EURUSD,10000.0,10000.0,0.0,0,0.0,False,flat_signal,0.0,range,True,False,0
2026-05-25 15:10:00+00:00,EURUSD,10000.0,10000.0,0.0,0,0.0,False,flat_signal,0.0,volatility_spike,True,False,0
2026-05-25 15:15:00+00:00,EURUSD,10000.0,10000.0,0.0,0,0.0,False,flat_signal,0.0,range,True,False,0
2026-05-25 15:20:00+00:00,EURUSD,10000.0,10000.0,0.0,0,0.0,False,flat_signal,0.0,range,True,False,0
2026-05-25 15:25:00+00:00,EURUSD,10000.0,10000.0,0.0,0,0.0,False,flat_signal,0.0,range,True,False,0
2026-05-25 15:30:00+00:00,EURUSD,10000.0,10000.0,0.0,0,0.0,False,flat_signal,0.0,range,True,False,0
2026-05-25 15:35:00+00:00,EURUSD,10000.0,10000.0,0.0,0,0.0,False,flat_signal,0.0,range,True,False,0
2026-05-25 15:40:00+00:00,EURUSD,10000.0,10000.0,0.0,0,0.0,False,flat_signal,0.0,range,True,False,0
2026-05-25 15:45:00+00:00,EURUSD,10000.0,10000.0,0.0,0,0.0,False,flat_signal,0.0,range,True,False,0
2026-05-25 15:50:00+00:00,EURUSD,10000.0,10000.0,0.0,0,0.0,False,flat_signal,0.0,range,True,False,0
2026-05-25 15:55:00+00:00,EURUSD,10000.0,10000.0,0.0,0,0.0,False,flat_signal,0.0,range,True,False,0
2026-05-25 16:00:00+00:00,EURUSD,10000.0,10000.0,0.0,0,0.0,False,flat_signal,0.0,range,True,False,0
2026-05-25 16:05:00+00:00,EURUSD,10000.0,10000.0,0.0,0,0.0,False,flat_signal,0.0,range,True,False,0
2026-05-25 16:10:00+00:00,EURUSD,10000.0,10000.0,0.0,0,0.0,False,flat_signal,0.0,range,True,False,0
2026-05-25 16:15:00+00:00,EURUSD,10000.0,10000.0,0.0,0,0.0,False,flat_signal,0.0,range,True,False,0
2026-05-25 16:20:00+00:00,EURUSD,10000.0,10000.0,0.0,0,0.0,False,flat_signal,0.0,range,True,False,0
2026-05-25 16:25:00+00:00,EURUSD,10000.0,10000.0,0.0,0,0.0,False,flat_signal,0.0,range,True,False,0
2026-05-25 16:30:00+00:00,EURUSD,10000.0,10000.0,0.0,0,0.0,False,flat_signal,0.0,range,True,False,0
2026-05-25 16:35:00+00:00,EURUSD,10000.0,10000.0,0.0,0,0.0,False,flat_signal,0.0,range,True,False,0
2026-05-25 16:40:00+00:00,EURUSD,10000.0,10000.0,0.0,0,0.0,False,flat_signal,0.0,range,True,False,0
2026-05-25 16:45:00+00:00,EURUSD,10000.0,10000.0,0.0,0,0.0,False,flat_signal,0.0,range,True,False,0
2026-05-25 16:50:00+00:00,EURUSD,10000.0,10000.0,0.0,0,0.0,False,flat_signal,0.0,range,True,False,0
2026-05-25 16:55:00+00:00,EURUSD,10000.0,10000.0,0.0,0,0.0,False,flat_signal,0.0,range,True,False,0
2026-05-25 17:00:00+00:00,EURUSD,10000.0,10000.0,0.0,0,0.0,False,flat_signal,0.0,range,True,False,0
2026-05-25 17:05:00+00:00,EURUSD,10000.0,10000.0,0.0,0,0.0,False,flat_signal,0.0,range,True,False,0
2026-05-25 17:10:00+00:00,EURUSD,10000.0,10000.0,0.0,0,0.0,False,flat_signal,0.0,range,True,False,0
2026-05-25 17:15:00+00:00,EURUSD,10000.0,10000.0,0.0,0,0.0,False,flat_signal,0.0,range,True,False,0
2026-05-25 17:20:00+00:00,EURUSD,10000.0,10000.0,0.0,0,0.0,False,flat_signal,0.0,range,True,False,0
2026-05-25 17:25:00+00:00,EURUSD,10000.0,10000.0,0.0,0,0.0,False,flat_signal,0.0,range,True,False,0
2026-05-25 17:30:00+00:00,EURUSD,10000.0,10000.0,0.0,0,0.0,False,flat_signal,0.0,range,True,False,0
2026-05-25 17:35:00+00:00,EURUSD,10000.0,10000.0,0.0,0,0.0,False,flat_signal,0.0,range,True,False,0
2026-05-25 17:40:00+00:00,EURUSD,10000.0,10000.0,0.0,0,0.0,False,flat_signal,0.0,range,True,False,0
2026-05-25 17:45:00+00:00,EURUSD,10000.0,10000.0,0.0,0,0.0,False,flat_signal,0.0,range,True,False,0
2026-05-25 17:50:00+00:00,EURUSD,10000.0,10000.0,0.0,0,0.0,False,flat_signal,0.0,range,True,False,0
2026-05-25 17:55:00+00:00,EURUSD,10000.0,10000.0,0.0,0,0.0,False,flat_signal,0.0,range,True,False,0
2026-05-25 18:00:00+00:00,EURUSD,10000.0,10000.0,0.0,0,0.0,False,flat_signal,0.0,range,True,False,0
