timestamp,equity,realized_pnl_usd,unrealized_pnl_usd,position_side,regime,close,quote_to_usd
2020-01-20 16:00:00+00:00,10000.0,0.0,0.0,Flat,range,1.30027,1.0
2020-01-20 20:00:00+00:00,10000.0,0.0,0.0,Flat,range,1.30035,1.0
2020-01-21 00:00:00+00:00,10000.0,0.0,0.0,Flat,range,1.3013,1.0
2020-01-21 04:00:00+00:00,10000.0,0.0,0.0,Flat,range,1.30064,1.0
2020-01-21 08:00:00+00:00,10000.0,0.0,0.0,Flat,range,1.3058,1.0
2020-01-21 12:00:00+00:00,10000.0,0.0,0.0,Flat,range,1.30575,1.0
2020-01-21 16:00:00+00:00,10000.0,0.0,0.0,Flat,range,1.30496,1.0
2020-01-21 20:00:00+00:00,10000.0,0.0,0.0,Flat,range,1.30451,1.0
2020-01-22 00:00:00+00:00,10000.0,0.0,0.0,Flat,range,1.3037,1.0
2020-01-22 04:00:00+00:00,10000.0,0.0,0.0,Flat,range,1.3055,1.0
2020-01-22 08:00:00+00:00,10000.0,0.0,0.0,Flat,range,1.30949,1.0
2020-01-22 12:00:00+00:00,10000.0,0.0,0.0,Flat,range,1.31407,1.0
2020-01-22 16:00:00+00:00,10000.0,0.0,0.0,Flat,range,1.31342,1.0
2020-01-22 20:00:00+00:00,10000.0,0.0,0.0,Flat,range,1.31435,1.0
2020-01-23 00:00:00+00:00,10000.0,0.0,0.0,Flat,range,1.31313,1.0
2020-01-23 04:00:00+00:00,10000.0,0.0,0.0,Flat,range,1.31459,1.0
2020-01-23 08:00:00+00:00,10000.0,0.0,0.0,Flat,range,1.31255,1.0
2020-01-23 12:00:00+00:00,10000.0,0.0,0.0,Flat,range,1.31203,1.0
2020-01-23 16:00:00+00:00,10000.0,0.0,0.0,Flat,range,1.31172,1.0
2020-01-23 20:00:00+00:00,10000.0,0.0,0.0,Flat,range,1.31186,1.0
2020-01-24 00:00:00+00:00,10000.0,0.0,0.0,Flat,range,1.31222,1.0
2020-01-24 04:00:00+00:00,10000.0,0.0,0.0,Flat,range,1.31259,1.0
2020-01-24 08:00:00+00:00,10000.0,0.0,0.0,Flat,range,1.30884,1.0
2020-01-24 12:00:00+00:00,10000.0,0.0,0.0,Flat,range,1.30673,1.0
2020-01-24 16:00:00+00:00,10000.0,0.0,0.0,Flat,range,1.30797,1.0
2020-01-24 20:00:00+00:00,10000.0,0.0,0.0,Flat,range,1.30701,1.0
2020-01-26 20:00:00+00:00,10000.0,0.0,0.0,Flat,range,1.30606,1.0
2020-01-27 00:00:00+00:00,10000.0,0.0,0.0,Flat,range,1.30575,1.0
2020-01-27 04:00:00+00:00,10000.0,0.0,0.0,Flat,range,1.308,1.0
2020-01-27 08:00:00+00:00,10000.0,0.0,0.0,Flat,range,1.30849,1.0
2020-01-27 12:00:00+00:00,10000.0,0.0,0.0,Flat,range,1.30553,1.0
2020-01-27 16:00:00+00:00,10000.0,0.0,0.0,Flat,range,1.30486,1.0
2020-01-27 20:00:00+00:00,10000.0,0.0,0.0,Flat,range,1.30588,1.0
2020-01-28 00:00:00+00:00,10000.0,0.0,0.0,Flat,range,1.30553,1.0
2020-01-28 04:00:00+00:00,10000.0,0.0,0.0,Flat,range,1.3024,1.0
2020-01-28 08:00:00+00:00,10000.0,0.0,0.0,Flat,range,1.30131,1.0
2020-01-28 12:00:00+00:00,10000.0,0.0,0.0,Flat,range,1.29836,1.0
2020-01-28 16:00:00+00:00,10000.0,0.0,0.0,Flat,range,1.3007,1.0
2020-01-28 20:00:00+00:00,10000.0,0.0,0.0,Flat,range,1.30231,1.0
2020-01-29 00:00:00+00:00,10000.0,0.0,0.0,Flat,range,1.30184,1.0
2020-01-29 04:00:00+00:00,10000.0,0.0,0.0,Flat,range,1.30095,1.0
2020-01-29 08:00:00+00:00,10000.0,0.0,0.0,Flat,range,1.30147,1.0
2020-01-29 12:00:00+00:00,10000.0,0.0,0.0,Flat,range,1.30017,1.0
2020-01-29 16:00:00+00:00,10000.0,0.0,0.0,Flat,range,1.30235,1.0
2020-01-29 20:00:00+00:00,10000.0,0.0,0.0,Flat,range,1.30207,1.0
2020-01-30 00:00:00+00:00,10000.0,0.0,0.0,Flat,range,1.3016,1.0
2020-01-30 04:00:00+00:00,10000.0,0.0,0.0,Flat,range,1.29994,1.0
2020-01-30 08:00:00+00:00,10000.0,0.0,0.0,Flat,range,1.30605,1.0
2020-01-30 12:00:00+00:00,10000.0,0.0,0.0,Flat,range,1.30999,1.0
2020-01-30 16:00:00+00:00,10000.0,0.0,0.0,Flat,range,1.30835,1.0
2020-01-30 20:00:00+00:00,10000.0,0.0,0.0,Flat,range,1.30846,1.0
2020-01-31 00:00:00+00:00,10000.0,0.0,0.0,Flat,range,1.30939,1.0
2020-01-31 04:00:00+00:00,10000.0,0.0,0.0,Flat,range,1.3128,1.0
2020-01-31 08:00:00+00:00,10000.0,0.0,0.0,Flat,range,1.31262,1.0
2020-01-31 12:00:00+00:00,10000.0,0.0,0.0,Flat,volatility_spike,1.31823,1.0
2020-01-31 16:00:00+00:00,10000.0,0.0,0.0,Flat,range,1.31998,1.0
2020-01-31 20:00:00+00:00,10000.0,0.0,0.0,Flat,range,1.32014,1.0
2020-02-02 20:00:00+00:00,10000.0,0.0,0.0,Flat,range,1.31807,1.0
2020-02-03 00:00:00+00:00,10000.0,0.0,0.0,Flat,range,1.3158,1.0
2020-02-03 04:00:00+00:00,10000.0,0.0,0.0,Flat,range,1.31431,1.0
2020-02-03 08:00:00+00:00,10000.0,0.0,0.0,Flat,volatility_spike,1.30598,1.0
2020-02-03 12:00:00+00:00,10000.0,0.0,0.0,Flat,volatility_spike,1.30124,1.0
2020-02-03 16:00:00+00:00,10000.0,0.0,0.0,Flat,volatility_spike,1.2998,1.0
2020-02-03 20:00:00+00:00,10000.0,0.0,0.0,Flat,volatility_spike,1.29963,1.0
2020-02-04 00:00:00+00:00,10000.0,0.0,0.0,Flat,range,1.29989,1.0
2020-02-04 04:00:00+00:00,10000.0,0.0,0.0,Short,volatility_spike,1.29451,1.0
2020-02-04 08:00:00+00:00,9947.39956,0.0,-52.600439999999864,Short,volatility_spike,1.30132,1.0
2020-02-04 12:00:00+00:00,9934.983958089986,-65.01604191001458,0.0,Flat,volatility_spike,1.30252,1.0
2020-02-04 16:00:00+00:00,9934.983958089986,-65.01604191001458,0.0,Flat,volatility_spike,1.30366,1.0
2020-02-04 20:00:00+00:00,9934.983958089986,-65.01604191001458,0.0,Flat,range,1.30302,1.0
2020-02-05 00:00:00+00:00,9934.983958089986,-65.01604191001458,0.0,Flat,range,1.3022,1.0
2020-02-05 04:00:00+00:00,9934.983958089986,-65.01604191001458,0.0,Flat,range,1.30371,1.0
2020-02-05 08:00:00+00:00,9934.983958089986,-65.01604191001458,0.0,Flat,range,1.306,1.0
2020-02-05 12:00:00+00:00,9934.983958089986,-65.01604191001458,0.0,Flat,volatility_spike,1.29836,1.0
2020-02-05 16:00:00+00:00,9934.983958089986,-65.01604191001458,0.0,Flat,range,1.29875,1.0
2020-02-05 20:00:00+00:00,9934.983958089986,-65.01604191001458,0.0,Flat,range,1.29949,1.0
2020-02-06 00:00:00+00:00,9934.983958089986,-65.01604191001458,0.0,Flat,range,1.29857,1.0
2020-02-06 04:00:00+00:00,9934.983958089986,-65.01604191001458,0.0,Flat,range,1.29809,1.0
2020-02-06 08:00:00+00:00,9934.983958089986,-65.01604191001458,0.0,Flat,range,1.2963,1.0
2020-02-06 12:00:00+00:00,9934.983958089986,-65.01604191001458,0.0,Flat,range,1.29277,1.0
2020-02-06 16:00:00+00:00,9934.983958089986,-65.01604191001458,0.0,Flat,range,1.29227,1.0
2020-02-06 20:00:00+00:00,9934.983958089986,-65.01604191001458,0.0,Flat,range,1.29299,1.0
2020-02-07 00:00:00+00:00,9934.983958089986,-65.01604191001458,0.0,Flat,range,1.29377,1.0
2020-02-07 04:00:00+00:00,9934.983958089986,-65.01604191001458,0.0,Flat,range,1.29332,1.0
2020-02-07 08:00:00+00:00,9934.983958089986,-65.01604191001458,0.0,Flat,range,1.29309,1.0
2020-02-07 12:00:00+00:00,9934.983958089986,-65.01604191001458,0.0,Flat,range,1.2939,1.0
2020-02-07 16:00:00+00:00,9934.983958089986,-65.01604191001458,0.0,Flat,range,1.2887,1.0
2020-02-07 20:00:00+00:00,9934.983958089986,-65.01604191001458,0.0,Flat,range,1.28818,1.0
2020-02-09 20:00:00+00:00,9934.983958089986,-65.01604191001458,0.0,Flat,range,1.28893,1.0
2020-02-10 00:00:00+00:00,9934.983958089986,-65.01604191001458,0.0,Flat,range,1.28957,1.0
2020-02-10 04:00:00+00:00,9934.983958089986,-65.01604191001458,0.0,Flat,range,1.28743,1.0
2020-02-10 08:00:00+00:00,9934.983958089986,-65.01604191001458,0.0,Flat,range,1.29233,1.0
2020-02-10 12:00:00+00:00,9934.983958089986,-65.01604191001458,0.0,Flat,range,1.29234,1.0
2020-02-10 16:00:00+00:00,9934.983958089986,-65.01604191001458,0.0,Flat,range,1.29155,1.0
2020-02-10 20:00:00+00:00,9934.983958089986,-65.01604191001458,0.0,Flat,range,1.29154,1.0
2020-02-11 00:00:00+00:00,9934.983958089986,-65.01604191001458,0.0,Flat,range,1.29172,1.0
2020-02-11 04:00:00+00:00,9934.983958089986,-65.01604191001458,0.0,Flat,range,1.29062,1.0
2020-02-11 08:00:00+00:00,9934.983958089986,-65.01604191001458,0.0,Flat,range,1.29295,1.0
2020-02-11 12:00:00+00:00,9934.983958089986,-65.01604191001458,0.0,Flat,range,1.29449,1.0
2020-02-11 16:00:00+00:00,9934.983958089986,-65.01604191001458,0.0,Flat,range,1.29628,1.0
2020-02-11 20:00:00+00:00,9934.983958089986,-65.01604191001458,0.0,Flat,range,1.29557,1.0
2020-02-12 00:00:00+00:00,9934.983958089986,-65.01604191001458,0.0,Flat,range,1.29584,1.0
2020-02-12 04:00:00+00:00,9934.983958089986,-65.01604191001458,0.0,Flat,range,1.29646,1.0
2020-02-12 08:00:00+00:00,9934.983958089986,-65.01604191001458,0.0,Flat,range,1.2984,1.0
2020-02-12 12:00:00+00:00,9934.983958089986,-65.01604191001458,0.0,Flat,range,1.29743,1.0
2020-02-12 16:00:00+00:00,9934.983958089986,-65.01604191001458,0.0,Flat,range,1.29592,1.0
2020-02-12 20:00:00+00:00,9934.983958089986,-65.01604191001458,0.0,Flat,range,1.29573,1.0
2020-02-13 00:00:00+00:00,9934.983958089986,-65.01604191001458,0.0,Flat,range,1.29533,1.0
2020-02-13 04:00:00+00:00,9934.983958089986,-65.01604191001458,0.0,Flat,range,1.2978,1.0
2020-02-13 08:00:00+00:00,9934.983958089986,-65.01604191001458,0.0,Flat,range,1.29839,1.0
2020-02-13 12:00:00+00:00,9934.983958089986,-65.01604191001458,0.0,Flat,range,1.30549,1.0
2020-02-13 16:00:00+00:00,9934.983958089986,-65.01604191001458,0.0,Flat,range,1.30538,1.0
2020-02-13 20:00:00+00:00,9934.983958089986,-65.01604191001458,0.0,Flat,range,1.30447,1.0
2020-02-14 00:00:00+00:00,9934.983958089986,-65.01604191001458,0.0,Flat,range,1.30416,1.0
2020-02-14 04:00:00+00:00,9934.983958089986,-65.01604191001458,0.0,Flat,range,1.30573,1.0
2020-02-14 08:00:00+00:00,9934.983958089986,-65.01604191001458,0.0,Flat,range,1.30304,1.0
2020-02-14 12:00:00+00:00,9934.983958089986,-65.01604191001458,0.0,Flat,range,1.30153,1.0
2020-02-14 16:00:00+00:00,9934.983958089986,-65.01604191001458,0.0,Flat,range,1.30318,1.0
2020-02-14 20:00:00+00:00,9934.983958089986,-65.01604191001458,0.0,Flat,range,1.30455,1.0
2020-02-16 20:00:00+00:00,9934.983958089986,-65.01604191001458,0.0,Flat,range,1.30509,1.0
2020-02-17 00:00:00+00:00,9934.983958089986,-65.01604191001458,0.0,Flat,range,1.30449,1.0
2020-02-17 04:00:00+00:00,9934.983958089986,-65.01604191001458,0.0,Flat,range,1.30364,1.0
2020-02-17 08:00:00+00:00,9934.983958089986,-65.01604191001458,0.0,Flat,range,1.30164,1.0
2020-02-17 12:00:00+00:00,9934.983958089986,-65.01604191001458,0.0,Flat,range,1.30062,1.0
2020-02-17 16:00:00+00:00,9934.983958089986,-65.01604191001458,0.0,Flat,range,1.30009,1.0
2020-02-17 20:00:00+00:00,9934.983958089986,-65.01604191001458,0.0,Flat,range,1.30055,1.0
2020-02-18 00:00:00+00:00,9934.983958089986,-65.01604191001458,0.0,Flat,range,1.30027,1.0
2020-02-18 04:00:00+00:00,9934.983958089986,-65.01604191001458,0.0,Flat,range,1.29979,1.0
2020-02-18 08:00:00+00:00,9934.983958089986,-65.01604191001458,0.0,Flat,range,1.30405,1.0
2020-02-18 12:00:00+00:00,9934.983958089986,-65.01604191001458,0.0,Flat,range,1.30357,1.0
2020-02-18 16:00:00+00:00,9934.983958089986,-65.01604191001458,0.0,Flat,range,1.29988,1.0
2020-02-18 20:00:00+00:00,9934.983958089986,-65.01604191001458,0.0,Flat,range,1.29987,1.0
2020-02-19 00:00:00+00:00,9934.983958089986,-65.01604191001458,0.0,Flat,range,1.2998,1.0
2020-02-19 04:00:00+00:00,9934.983958089986,-65.01604191001458,0.0,Flat,range,1.30061,1.0
2020-02-19 08:00:00+00:00,9934.983958089986,-65.01604191001458,0.0,Flat,range,1.29869,1.0
2020-02-19 12:00:00+00:00,9934.983958089986,-65.01604191001458,0.0,Flat,range,1.29505,1.0
2020-02-19 16:00:00+00:00,9934.983958089986,-65.01604191001458,0.0,Flat,range,1.29189,1.0
2020-02-19 20:00:00+00:00,9934.983958089986,-65.01604191001458,0.0,Long,range,1.29255,1.0
2020-02-20 00:00:00+00:00,9921.302878089986,-65.01604191001458,-13.681080000000883,Long,range,1.29077,1.0
2020-02-20 04:00:00+00:00,9914.385478089986,-65.01604191001458,-20.59848000000012,Long,range,1.28987,1.0
2020-02-20 08:00:00+00:00,9882.167884795963,-117.83211520403802,0.0,Flat,volatility_spike,1.28703,1.0
2020-02-20 12:00:00+00:00,9882.167884795963,-117.83211520403802,0.0,Flat,volatility_spike,1.28803,1.0
2020-02-20 16:00:00+00:00,9882.167884795963,-117.83211520403802,0.0,Flat,range,1.288,1.0
2020-02-20 20:00:00+00:00,9882.167884795963,-117.83211520403802,0.0,Flat,range,1.28803,1.0
2020-02-21 00:00:00+00:00,9882.167884795963,-117.83211520403802,0.0,Flat,range,1.28936,1.0
2020-02-21 04:00:00+00:00,9882.167884795963,-117.83211520403802,0.0,Flat,range,1.2889,1.0
2020-02-21 08:00:00+00:00,9882.167884795963,-117.83211520403802,0.0,Flat,range,1.29469,1.0
2020-02-21 12:00:00+00:00,9882.167884795963,-117.83211520403802,0.0,Flat,range,1.29622,1.0
2020-02-21 16:00:00+00:00,9882.167884795963,-117.83211520403802,0.0,Flat,range,1.29734,1.0
2020-02-21 20:00:00+00:00,9882.167884795963,-117.83211520403802,0.0,Flat,range,1.29529,1.0
2020-02-23 20:00:00+00:00,9882.167884795963,-117.83211520403802,0.0,Flat,range,1.29513,1.0
2020-02-24 00:00:00+00:00,9882.167884795963,-117.83211520403802,0.0,Flat,range,1.29341,1.0
2020-02-24 04:00:00+00:00,9882.167884795963,-117.83211520403802,0.0,Flat,range,1.29414,1.0
2020-02-24 08:00:00+00:00,9882.167884795963,-117.83211520403802,0.0,Flat,range,1.29038,1.0
2020-02-24 12:00:00+00:00,9882.167884795963,-117.83211520403802,0.0,Flat,range,1.29235,1.0
2020-02-24 16:00:00+00:00,9882.167884795963,-117.83211520403802,0.0,Flat,range,1.29135,1.0
2020-02-24 20:00:00+00:00,9882.167884795963,-117.83211520403802,0.0,Flat,range,1.29239,1.0
2020-02-25 00:00:00+00:00,9882.167884795963,-117.83211520403802,0.0,Flat,range,1.29383,1.0
2020-02-25 04:00:00+00:00,9882.167884795963,-117.83211520403802,0.0,Flat,range,1.29539,1.0
2020-02-25 08:00:00+00:00,9882.167884795963,-117.83211520403802,0.0,Flat,range,1.29655,1.0
2020-02-25 12:00:00+00:00,9882.167884795963,-117.83211520403802,0.0,Flat,range,1.30156,1.0
2020-02-25 16:00:00+00:00,9882.167884795963,-117.83211520403802,0.0,Flat,range,1.29995,1.0
2020-02-25 20:00:00+00:00,9882.167884795963,-117.83211520403802,0.0,Flat,range,1.3002,1.0
2020-02-26 00:00:00+00:00,9882.167884795963,-117.83211520403802,0.0,Flat,range,1.29921,1.0
2020-02-26 04:00:00+00:00,9882.167884795963,-117.83211520403802,0.0,Flat,range,1.29848,1.0
2020-02-26 08:00:00+00:00,9882.167884795963,-117.83211520403802,0.0,Flat,range,1.29336,1.0
2020-02-26 12:00:00+00:00,9882.167884795963,-117.83211520403802,0.0,Flat,range,1.29166,1.0
2020-02-26 16:00:00+00:00,9882.167884795963,-117.83211520403802,0.0,Flat,range,1.29106,1.0
2020-02-26 20:00:00+00:00,9882.167884795963,-117.83211520403802,0.0,Flat,range,1.29054,1.0
2020-02-27 00:00:00+00:00,9882.167884795963,-117.83211520403802,0.0,Flat,range,1.2923,1.0
2020-02-27 04:00:00+00:00,9882.167884795963,-117.83211520403802,0.0,Flat,range,1.29216,1.0
2020-02-27 08:00:00+00:00,9882.167884795963,-117.83211520403802,0.0,Flat,range,1.28701,1.0
2020-02-27 12:00:00+00:00,9882.167884795963,-117.83211520403802,0.0,Flat,volatility_spike,1.28724,1.0
2020-02-27 16:00:00+00:00,9882.167884795963,-117.83211520403802,0.0,Flat,range,1.28925,1.0
2020-02-27 20:00:00+00:00,9882.167884795963,-117.83211520403802,0.0,Flat,range,1.2887,1.0
2020-02-28 00:00:00+00:00,9882.167884795963,-117.83211520403802,0.0,Flat,range,1.28738,1.0
2020-02-28 04:00:00+00:00,9882.167884795963,-117.83211520403802,0.0,Flat,range,1.28629,1.0
2020-02-28 08:00:00+00:00,9882.167884795963,-117.83211520403802,0.0,Flat,range,1.28829,1.0
2020-02-28 12:00:00+00:00,9882.167884795963,-117.83211520403802,0.0,Flat,volatility_spike,1.27733,1.0
2020-02-28 16:00:00+00:00,9882.167884795963,-117.83211520403802,0.0,Flat,volatility_spike,1.27917,1.0
2020-02-28 20:00:00+00:00,9882.167884795963,-117.83211520403802,0.0,Flat,volatility_spike,1.28125,1.0
2020-03-01 20:00:00+00:00,9882.167884795963,-117.83211520403802,0.0,Flat,volatility_spike,1.28038,1.0
2020-03-02 00:00:00+00:00,9882.167884795963,-117.83211520403802,0.0,Flat,volatility_spike,1.2836,1.0
2020-03-02 04:00:00+00:00,9882.167884795963,-117.83211520403802,0.0,Flat,volatility_spike,1.28061,1.0
2020-03-02 08:00:00+00:00,9882.167884795963,-117.83211520403802,0.0,Flat,volatility_spike,1.27818,1.0
2020-03-02 12:00:00+00:00,9882.167884795963,-117.83211520403802,0.0,Flat,volatility_spike,1.27461,1.0
2020-03-02 16:00:00+00:00,9882.167884795963,-117.83211520403802,0.0,Flat,volatility_spike,1.27756,1.0
2020-03-02 20:00:00+00:00,9882.167884795963,-117.83211520403802,0.0,Flat,volatility_spike,1.2766,1.0
2020-03-03 00:00:00+00:00,9882.167884795963,-117.83211520403802,0.0,Flat,range,1.27751,1.0
2020-03-03 04:00:00+00:00,9882.167884795963,-117.83211520403802,0.0,Flat,range,1.27991,1.0
2020-03-03 08:00:00+00:00,9882.167884795963,-117.83211520403802,0.0,Flat,range,1.27867,1.0
2020-03-03 12:00:00+00:00,9882.167884795963,-117.83211520403802,0.0,Flat,range,1.28169,1.0
2020-03-03 16:00:00+00:00,9882.167884795963,-117.83211520403802,0.0,Flat,range,1.28106,1.0
2020-03-03 20:00:00+00:00,9882.167884795963,-117.83211520403802,0.0,Flat,range,1.28194,1.0
2020-03-04 00:00:00+00:00,9882.167884795963,-117.83211520403802,0.0,Flat,range,1.28128,1.0
2020-03-04 04:00:00+00:00,9882.167884795963,-117.83211520403802,0.0,Flat,range,1.27922,1.0
2020-03-04 08:00:00+00:00,9882.167884795963,-117.83211520403802,0.0,Flat,range,1.27939,1.0
2020-03-04 12:00:00+00:00,9882.167884795963,-117.83211520403802,0.0,Flat,range,1.28194,1.0
2020-03-04 16:00:00+00:00,9882.167884795963,-117.83211520403802,0.0,Flat,range,1.28672,1.0
2020-03-04 20:00:00+00:00,9882.167884795963,-117.83211520403802,0.0,Flat,range,1.28707,1.0
2020-03-05 00:00:00+00:00,9882.167884795963,-117.83211520403802,0.0,Flat,range,1.28694,1.0
2020-03-05 04:00:00+00:00,9882.167884795963,-117.83211520403802,0.0,Flat,range,1.28738,1.0
2020-03-05 08:00:00+00:00,9882.167884795963,-117.83211520403802,0.0,Flat,range,1.29221,1.0
2020-03-05 12:00:00+00:00,9882.167884795963,-117.83211520403802,0.0,Flat,range,1.29269,1.0
2020-03-05 16:00:00+00:00,9882.167884795963,-117.83211520403802,0.0,Flat,range,1.29439,1.0
2020-03-05 20:00:00+00:00,9882.167884795963,-117.83211520403802,0.0,Flat,range,1.29487,1.0
2020-03-06 00:00:00+00:00,9882.167884795963,-117.83211520403802,0.0,Flat,range,1.29589,1.0
2020-03-06 04:00:00+00:00,9882.167884795963,-117.83211520403802,0.0,Flat,range,1.29754,1.0
2020-03-06 08:00:00+00:00,9882.167884795963,-117.83211520403802,0.0,Flat,range,1.30104,1.0
2020-03-06 12:00:00+00:00,9882.167884795963,-117.83211520403802,0.0,Flat,range,1.30287,1.0
2020-03-06 16:00:00+00:00,9882.167884795963,-117.83211520403802,0.0,Flat,range,1.30136,1.0
2020-03-06 20:00:00+00:00,9882.167884795963,-117.83211520403802,0.0,Flat,range,1.30459,1.0
2020-03-08 20:00:00+00:00,9882.167884795963,-117.83211520403802,0.0,Long,trend_up,1.3096,1.0
2020-03-09 00:00:00+00:00,9868.813234795962,-117.83211520403802,-13.354650000000373,Long,trend_up,1.30783,1.0
2020-03-09 04:00:00+00:00,9952.78908479596,-117.83211520403802,70.6211999999986,Long,volatility_spike,1.31896,1.0
2020-03-09 08:00:00+00:00,9888.628213272987,-111.3717867270135,0.0,Flat,volatility_spike,1.30956,1.0
2020-03-09 12:00:00+00:00,9888.628213272987,-111.3717867270135,0.0,Flat,volatility_spike,1.30987,1.0
2020-03-09 16:00:00+00:00,9888.628213272987,-111.3717867270135,0.0,Flat,volatility_spike,1.31043,1.0
2020-03-09 20:00:00+00:00,9888.628213272987,-111.3717867270135,0.0,Flat,volatility_spike,1.30726,1.0
2020-03-10 00:00:00+00:00,9888.628213272987,-111.3717867270135,0.0,Flat,volatility_spike,1.30598,1.0
2020-03-10 04:00:00+00:00,9888.628213272987,-111.3717867270135,0.0,Flat,trend_up,1.30659,1.0
2020-03-10 08:00:00+00:00,9888.628213272987,-111.3717867270135,0.0,Flat,trend_up,1.30372,1.0
2020-03-10 12:00:00+00:00,9888.628213272987,-111.3717867270135,0.0,Flat,volatility_spike,1.29327,1.0
2020-03-10 16:00:00+00:00,9888.628213272987,-111.3717867270135,0.0,Flat,volatility_spike,1.29036,1.0
2020-03-10 20:00:00+00:00,9888.628213272987,-111.3717867270135,0.0,Flat,volatility_spike,1.29048,1.0
2020-03-11 00:00:00+00:00,9888.628213272987,-111.3717867270135,0.0,Flat,range,1.29175,1.0
2020-03-11 04:00:00+00:00,9888.628213272987,-111.3717867270135,0.0,Flat,range,1.2899,1.0
2020-03-11 08:00:00+00:00,9888.628213272987,-111.3717867270135,0.0,Flat,volatility_spike,1.29174,1.0
2020-03-11 12:00:00+00:00,9888.628213272987,-111.3717867270135,0.0,Flat,volatility_spike,1.2886,1.0
2020-03-11 16:00:00+00:00,9888.628213272987,-111.3717867270135,0.0,Short,volatility_spike,1.28049,1.0
2020-03-11 20:00:00+00:00,9880.530263272987,-111.3717867270135,-8.097950000000166,Short,trend_down,1.28168,1.0
2020-03-12 00:00:00+00:00,9875.902863272986,-111.3717867270135,-12.72535000000026,Short,trend_down,1.28236,1.0
2020-03-12 04:00:00+00:00,9881.210763272986,-111.3717867270135,-7.41745000000024,Short,trend_down,1.28158,1.0
2020-03-12 08:00:00+00:00,9938.985213272985,-111.3717867270135,50.35699999999899,Short,trend_down,1.27309,1.0
2020-03-12 12:00:00+00:00,10069.300963272986,-111.3717867270135,180.67274999999898,Short,volatility_spike,1.25394,1.0
2020-03-12 16:00:00+00:00,10029.763913272987,-111.3717867270135,141.13569999999987,Short,volatility_spike,1.25975,1.0
2020-03-12 20:00:00+00:00,10047.933263272986,-111.3717867270135,159.30504999999954,Short,volatility_spike,1.25708,1.0
2020-03-13 00:00:00+00:00,10059.910063272986,-111.3717867270135,171.28184999999942,Short,volatility_spike,1.25532,1.0
2020-03-13 04:00:00+00:00,10044.054413272986,-111.3717867270135,155.4261999999998,Short,trend_down,1.25765,1.0
2020-03-13 08:00:00+00:00,10083.523413272987,-111.3717867270135,194.8952,Short,volatility_spike,1.25185,1.0
2020-03-13 12:00:00+00:00,10135.819360021342,135.8193600213422,0.0,Short,volatility_spike,1.24058,1.0
2020-03-13 16:00:00+00:00,10162.664500021343,135.8193600213422,26.845140000000622,Short,volatility_spike,1.23575,1.0
2020-03-13 20:00:00+00:00,10212.79766002134,135.8193600213422,76.97829999999955,Short,volatility_spike,1.22673,1.0
2020-03-15 20:00:00+00:00,10145.033472580626,145.03347258062675,0.0,Flat,volatility_spike,1.23971,1.0
2020-03-16 00:00:00+00:00,10145.033472580626,145.03347258062675,0.0,Flat,volatility_spike,1.23432,1.0
2020-03-16 04:00:00+00:00,10145.033472580626,145.03347258062675,0.0,Flat,volatility_spike,1.23003,1.0
2020-03-16 08:00:00+00:00,10145.033472580626,145.03347258062675,0.0,Flat,volatility_spike,1.2331,1.0
2020-03-16 12:00:00+00:00,10145.033472580626,145.03347258062675,0.0,Flat,volatility_spike,1.22769,1.0
2020-03-16 16:00:00+00:00,10145.033472580626,145.03347258062675,0.0,Short,trend_down,1.22591,1.0
2020-03-16 20:00:00+00:00,10142.020352580626,145.03347258062675,-3.0131199999998772,Short,trend_down,1.22655,1.0
2020-03-17 00:00:00+00:00,10143.103192580626,145.03347258062675,-1.930280000000101,Short,trend_down,1.22632,1.0
2020-03-17 04:00:00+00:00,10175.870872580626,145.03347258062675,30.83740000000026,Short,trend_down,1.21936,1.0
2020-03-17 08:00:00+00:00,10214.947272580626,145.03347258062675,69.91380000000014,Short,trend_down,1.21106,1.0
2020-03-17 12:00:00+00:00,10259.673272580627,145.03347258062675,114.63980000000043,Short,trend_down,1.20156,1.0
2020-03-17 16:00:00+00:00,10228.176752580626,145.03347258062675,83.14328000000005,Short,trend_down,1.20825,1.0
2020-03-17 20:00:00+00:00,10212.781592580626,145.03347258062675,67.74812000000058,Short,trend_down,1.21152,1.0
2020-03-18 00:00:00+00:00,10213.016992580626,145.03347258062675,67.98352000000004,Short,trend_down,1.21147,1.0
2020-03-18 04:00:00+00:00,10253.882432580625,145.03347258062675,108.84896000000013,Short,trend_down,1.20279,1.0
2020-03-18 08:00:00+00:00,10305.717512580626,145.03347258062675,160.68403999999998,Short,trend_down,1.19178,1.0
2020-03-18 12:00:00+00:00,10379.209392580626,145.03347258062675,234.17592000000056,Short,trend_down,1.17617,1.0
2020-03-18 16:00:00+00:00,10398.627013013396,398.62701301339536,0.0,Flat,volatility_spike,1.15742,1.0
2020-03-18 20:00:00+00:00,10398.627013013396,398.62701301339536,0.0,Flat,volatility_spike,1.1608,1.0
2020-03-19 00:00:00+00:00,10398.627013013396,398.62701301339536,0.0,Flat,volatility_spike,1.1502,1.0
2020-03-19 04:00:00+00:00,10398.627013013396,398.62701301339536,0.0,Flat,volatility_spike,1.1486,1.0
2020-03-19 08:00:00+00:00,10398.627013013396,398.62701301339536,0.0,Flat,volatility_spike,1.15404,1.0
2020-03-19 12:00:00+00:00,10398.627013013396,398.62701301339536,0.0,Flat,volatility_spike,1.16609,1.0
2020-03-19 16:00:00+00:00,10398.627013013396,398.62701301339536,0.0,Flat,volatility_spike,1.1537,1.0
2020-03-19 20:00:00+00:00,10398.627013013396,398.62701301339536,0.0,Flat,volatility_spike,1.14901,1.0
2020-03-20 00:00:00+00:00,10398.627013013396,398.62701301339536,0.0,Flat,volatility_spike,1.16253,1.0
2020-03-20 04:00:00+00:00,10398.627013013396,398.62701301339536,0.0,Flat,volatility_spike,1.1812,1.0
2020-03-20 08:00:00+00:00,10398.627013013396,398.62701301339536,0.0,Flat,volatility_spike,1.1748,1.0
2020-03-20 12:00:00+00:00,10398.627013013396,398.62701301339536,0.0,Flat,volatility_spike,1.17405,1.0
2020-03-20 16:00:00+00:00,10398.627013013396,398.62701301339536,0.0,Flat,volatility_spike,1.15847,1.0
2020-03-20 20:00:00+00:00,10398.627013013396,398.62701301339536,0.0,Flat,trend_down,1.16301,1.0
2020-03-22 20:00:00+00:00,10398.627013013396,398.62701301339536,0.0,Flat,trend_down,1.16176,1.0
2020-03-23 00:00:00+00:00,10398.627013013396,398.62701301339536,0.0,Flat,trend_down,1.1646,1.0
2020-03-23 04:00:00+00:00,10398.627013013396,398.62701301339536,0.0,Flat,trend_down,1.16462,1.0
2020-03-23 08:00:00+00:00,10398.627013013396,398.62701301339536,0.0,Flat,trend_down,1.15155,1.0
2020-03-23 12:00:00+00:00,10398.627013013396,398.62701301339536,0.0,Flat,trend_down,1.1489,1.0
2020-03-23 16:00:00+00:00,10398.627013013396,398.62701301339536,0.0,Flat,trend_down,1.14712,1.0
2020-03-23 20:00:00+00:00,10398.627013013396,398.62701301339536,0.0,Flat,trend_down,1.15948,1.0
2020-03-24 00:00:00+00:00,10398.627013013396,398.62701301339536,0.0,Flat,trend_down,1.16272,1.0
2020-03-24 04:00:00+00:00,10398.627013013396,398.62701301339536,0.0,Flat,trend_down,1.16424,1.0
2020-03-24 08:00:00+00:00,10398.627013013396,398.62701301339536,0.0,Flat,trend_down,1.17479,1.0
2020-03-24 12:00:00+00:00,10398.627013013396,398.62701301339536,0.0,Flat,trend_down,1.17816,1.0
2020-03-24 16:00:00+00:00,10398.627013013396,398.62701301339536,0.0,Flat,trend_down,1.17447,1.0
2020-03-24 20:00:00+00:00,10398.627013013396,398.62701301339536,0.0,Flat,trend_down,1.17884,1.0
2020-03-25 00:00:00+00:00,10398.627013013396,398.62701301339536,0.0,Flat,trend_down,1.1801,1.0
2020-03-25 04:00:00+00:00,10398.627013013396,398.62701301339536,0.0,Flat,range,1.18381,1.0
2020-03-25 08:00:00+00:00,10398.627013013396,398.62701301339536,0.0,Flat,range,1.18819,1.0
2020-03-25 12:00:00+00:00,10398.627013013396,398.62701301339536,0.0,Flat,range,1.17576,1.0
2020-03-25 16:00:00+00:00,10398.627013013396,398.62701301339536,0.0,Flat,range,1.1875,1.0
2020-03-25 20:00:00+00:00,10398.627013013396,398.62701301339536,0.0,Flat,range,1.18466,1.0
2020-03-26 00:00:00+00:00,10398.627013013396,398.62701301339536,0.0,Flat,range,1.1859,1.0
2020-03-26 04:00:00+00:00,10398.627013013396,398.62701301339536,0.0,Flat,range,1.19342,1.0
2020-03-26 08:00:00+00:00,10398.627013013396,398.62701301339536,0.0,Flat,range,1.1963,1.0
2020-03-26 12:00:00+00:00,10398.627013013396,398.62701301339536,0.0,Flat,range,1.21355,1.0
2020-03-26 16:00:00+00:00,10398.627013013396,398.62701301339536,0.0,Flat,range,1.22263,1.0
2020-03-26 20:00:00+00:00,10398.627013013396,398.62701301339536,0.0,Flat,range,1.21914,1.0
2020-03-27 00:00:00+00:00,10398.627013013396,398.62701301339536,0.0,Flat,range,1.2289,1.0
2020-03-27 04:00:00+00:00,10398.627013013396,398.62701301339536,0.0,Flat,trend_up,1.22013,1.0
2020-03-27 08:00:00+00:00,10398.627013013396,398.62701301339536,0.0,Flat,trend_up,1.22194,1.0
2020-03-27 12:00:00+00:00,10398.627013013396,398.62701301339536,0.0,Flat,trend_up,1.23577,1.0
2020-03-27 16:00:00+00:00,10398.627013013396,398.62701301339536,0.0,Flat,trend_up,1.24645,1.0
2020-03-27 20:00:00+00:00,10398.627013013396,398.62701301339536,0.0,Flat,trend_up,1.24448,1.0
2020-03-29 20:00:00+00:00,10398.627013013396,398.62701301339536,0.0,Flat,trend_up,1.24495,1.0
2020-03-30 00:00:00+00:00,10398.627013013396,398.62701301339536,0.0,Flat,trend_up,1.23769,1.0
2020-03-30 04:00:00+00:00,10398.627013013396,398.62701301339536,0.0,Flat,trend_up,1.23517,1.0
2020-03-30 08:00:00+00:00,10398.627013013396,398.62701301339536,0.0,Flat,trend_up,1.2427,1.0
2020-03-30 12:00:00+00:00,10398.627013013396,398.62701301339536,0.0,Flat,trend_up,1.23911,1.0
2020-03-30 16:00:00+00:00,10398.627013013396,398.62701301339536,0.0,Flat,trend_up,1.24174,1.0
2020-03-30 20:00:00+00:00,10398.627013013396,398.62701301339536,0.0,Flat,trend_up,1.23673,1.0
2020-03-31 00:00:00+00:00,10398.627013013396,398.62701301339536,0.0,Flat,trend_up,1.23416,1.0
2020-03-31 04:00:00+00:00,10398.627013013396,398.62701301339536,0.0,Flat,trend_up,1.23164,1.0
2020-03-31 08:00:00+00:00,10398.627013013396,398.62701301339536,0.0,Flat,trend_up,1.23499,1.0
2020-03-31 12:00:00+00:00,10398.627013013396,398.62701301339536,0.0,Flat,trend_up,1.24496,1.0
2020-03-31 16:00:00+00:00,10398.627013013396,398.62701301339536,0.0,Flat,trend_up,1.24312,1.0
2020-03-31 20:00:00+00:00,10398.627013013396,398.62701301339536,0.0,Flat,range,1.24047,1.0
2020-04-01 00:00:00+00:00,10398.627013013396,398.62701301339536,0.0,Flat,range,1.23777,1.0
2020-04-01 04:00:00+00:00,10398.627013013396,398.62701301339536,0.0,Flat,range,1.23538,1.0
2020-04-01 08:00:00+00:00,10398.627013013396,398.62701301339536,0.0,Flat,range,1.23821,1.0
2020-04-01 12:00:00+00:00,10398.627013013396,398.62701301339536,0.0,Flat,range,1.23916,1.0
2020-04-01 16:00:00+00:00,10398.627013013396,398.62701301339536,0.0,Flat,range,1.23947,1.0
2020-04-01 20:00:00+00:00,10398.627013013396,398.62701301339536,0.0,Flat,range,1.23797,1.0
2020-04-02 00:00:00+00:00,10398.627013013396,398.62701301339536,0.0,Flat,range,1.23838,1.0
2020-04-02 04:00:00+00:00,10398.627013013396,398.62701301339536,0.0,Flat,range,1.2406,1.0
2020-04-02 08:00:00+00:00,10398.627013013396,398.62701301339536,0.0,Flat,range,1.24281,1.0
2020-04-02 12:00:00+00:00,10398.627013013396,398.62701301339536,0.0,Flat,range,1.23759,1.0
2020-04-02 16:00:00+00:00,10398.627013013396,398.62701301339536,0.0,Flat,range,1.23951,1.0
2020-04-02 20:00:00+00:00,10398.627013013396,398.62701301339536,0.0,Flat,range,1.23904,1.0
2020-04-03 00:00:00+00:00,10398.627013013396,398.62701301339536,0.0,Flat,range,1.23701,1.0
2020-04-03 04:00:00+00:00,10398.627013013396,398.62701301339536,0.0,Flat,range,1.23405,1.0
2020-04-03 08:00:00+00:00,10398.627013013396,398.62701301339536,0.0,Flat,range,1.22888,1.0
2020-04-03 12:00:00+00:00,10398.627013013396,398.62701301339536,0.0,Flat,range,1.2224,1.0
2020-04-03 16:00:00+00:00,10398.627013013396,398.62701301339536,0.0,Flat,range,1.2262,1.0
2020-04-03 20:00:00+00:00,10398.627013013396,398.62701301339536,0.0,Flat,range,1.2264,1.0
2020-04-05 20:00:00+00:00,10398.627013013396,398.62701301339536,0.0,Flat,range,1.22164,1.0
2020-04-06 00:00:00+00:00,10398.627013013396,398.62701301339536,0.0,Flat,range,1.22348,1.0
2020-04-06 04:00:00+00:00,10398.627013013396,398.62701301339536,0.0,Flat,range,1.23127,1.0
2020-04-06 08:00:00+00:00,10398.627013013396,398.62701301339536,0.0,Flat,range,1.23117,1.0
2020-04-06 12:00:00+00:00,10398.627013013396,398.62701301339536,0.0,Flat,range,1.22949,1.0
2020-04-06 16:00:00+00:00,10398.627013013396,398.62701301339536,0.0,Flat,range,1.22444,1.0
2020-04-06 20:00:00+00:00,10398.627013013396,398.62701301339536,0.0,Flat,range,1.22303,1.0
2020-04-07 00:00:00+00:00,10398.627013013396,398.62701301339536,0.0,Flat,range,1.22624,1.0
2020-04-07 04:00:00+00:00,10398.627013013396,398.62701301339536,0.0,Flat,range,1.23393,1.0
2020-04-07 08:00:00+00:00,10398.627013013396,398.62701301339536,0.0,Flat,range,1.23471,1.0
2020-04-07 12:00:00+00:00,10398.627013013396,398.62701301339536,0.0,Flat,range,1.23414,1.0
2020-04-07 16:00:00+00:00,10398.627013013396,398.62701301339536,0.0,Flat,range,1.23424,1.0
2020-04-07 20:00:00+00:00,10398.627013013396,398.62701301339536,0.0,Flat,range,1.2336,1.0
2020-04-08 00:00:00+00:00,10398.627013013396,398.62701301339536,0.0,Flat,range,1.23094,1.0
2020-04-08 04:00:00+00:00,10398.627013013396,398.62701301339536,0.0,Flat,range,1.2316,1.0
2020-04-08 08:00:00+00:00,10398.627013013396,398.62701301339536,0.0,Flat,range,1.23586,1.0
2020-04-08 12:00:00+00:00,10398.627013013396,398.62701301339536,0.0,Flat,range,1.23922,1.0
2020-04-08 16:00:00+00:00,10398.627013013396,398.62701301339536,0.0,Flat,range,1.23736,1.0
2020-04-08 20:00:00+00:00,10398.627013013396,398.62701301339536,0.0,Flat,range,1.23902,1.0
2020-04-09 00:00:00+00:00,10398.627013013396,398.62701301339536,0.0,Flat,range,1.23954,1.0
2020-04-09 04:00:00+00:00,10398.627013013396,398.62701301339536,0.0,Flat,range,1.24029,1.0
2020-04-09 08:00:00+00:00,10398.627013013396,398.62701301339536,0.0,Flat,range,1.24133,1.0
2020-04-09 12:00:00+00:00,10398.627013013396,398.62701301339536,0.0,Flat,range,1.24541,1.0
2020-04-09 16:00:00+00:00,10398.627013013396,398.62701301339536,0.0,Flat,range,1.24704,1.0
2020-04-09 20:00:00+00:00,10398.627013013396,398.62701301339536,0.0,Flat,range,1.24524,1.0
2020-04-10 00:00:00+00:00,10398.627013013396,398.62701301339536,0.0,Flat,range,1.24628,1.0
2020-04-10 04:00:00+00:00,10398.627013013396,398.62701301339536,0.0,Flat,range,1.24714,1.0
2020-04-10 08:00:00+00:00,10398.627013013396,398.62701301339536,0.0,Flat,range,1.24809,1.0
2020-04-10 12:00:00+00:00,10398.627013013396,398.62701301339536,0.0,Flat,range,1.24814,1.0
2020-04-10 16:00:00+00:00,10398.627013013396,398.62701301339536,0.0,Flat,range,1.24712,1.0
2020-04-10 20:00:00+00:00,10398.627013013396,398.62701301339536,0.0,Flat,range,1.24449,1.0
2020-04-12 20:00:00+00:00,10398.627013013396,398.62701301339536,0.0,Flat,range,1.24593,1.0
2020-04-13 00:00:00+00:00,10398.627013013396,398.62701301339536,0.0,Flat,range,1.24673,1.0
2020-04-13 04:00:00+00:00,10398.627013013396,398.62701301339536,0.0,Flat,range,1.25057,1.0
2020-04-13 08:00:00+00:00,10398.627013013396,398.62701301339536,0.0,Flat,range,1.24945,1.0
2020-04-13 12:00:00+00:00,10398.627013013396,398.62701301339536,0.0,Flat,trend_up,1.25156,1.0
2020-04-13 16:00:00+00:00,10398.627013013396,398.62701301339536,0.0,Flat,trend_up,1.25163,1.0
2020-04-13 20:00:00+00:00,10398.627013013396,398.62701301339536,0.0,Flat,trend_up,1.25195,1.0
2020-04-14 00:00:00+00:00,10398.627013013396,398.62701301339536,0.0,Flat,trend_up,1.25632,1.0
2020-04-14 04:00:00+00:00,10398.627013013396,398.62701301339536,0.0,Flat,trend_up,1.25606,1.0
2020-04-14 08:00:00+00:00,10398.627013013396,398.62701301339536,0.0,Flat,trend_up,1.25619,1.0
2020-04-14 12:00:00+00:00,10398.627013013396,398.62701301339536,0.0,Flat,trend_up,1.26149,1.0
2020-04-14 16:00:00+00:00,10398.627013013396,398.62701301339536,0.0,Flat,trend_up,1.26241,1.0
2020-04-14 20:00:00+00:00,10398.627013013396,398.62701301339536,0.0,Flat,trend_up,1.26241,1.0
2020-04-15 00:00:00+00:00,10398.627013013396,398.62701301339536,0.0,Flat,trend_up,1.26075,1.0
2020-04-15 04:00:00+00:00,10398.627013013396,398.62701301339536,0.0,Flat,trend_up,1.25216,1.0
2020-04-15 08:00:00+00:00,10398.627013013396,398.62701301339536,0.0,Flat,trend_up,1.24859,1.0
2020-04-15 12:00:00+00:00,10398.627013013396,398.62701301339536,0.0,Flat,trend_up,1.25226,1.0
2020-04-15 16:00:00+00:00,10398.627013013396,398.62701301339536,0.0,Flat,range,1.25257,1.0
2020-04-15 20:00:00+00:00,10398.627013013396,398.62701301339536,0.0,Flat,range,1.25178,1.0
2020-04-16 00:00:00+00:00,10398.627013013396,398.62701301339536,0.0,Flat,range,1.24669,1.0
2020-04-16 04:00:00+00:00,10398.627013013396,398.62701301339536,0.0,Flat,range,1.24908,1.0
2020-04-16 08:00:00+00:00,10398.627013013396,398.62701301339536,0.0,Flat,range,1.24821,1.0
2020-04-16 12:00:00+00:00,10398.627013013396,398.62701301339536,0.0,Flat,range,1.24317,1.0
2020-04-16 16:00:00+00:00,10398.627013013396,398.62701301339536,0.0,Flat,range,1.2452,1.0
2020-04-16 20:00:00+00:00,10398.627013013396,398.62701301339536,0.0,Flat,range,1.24867,1.0
2020-04-17 00:00:00+00:00,10398.627013013396,398.62701301339536,0.0,Flat,range,1.24925,1.0
2020-04-17 04:00:00+00:00,10398.627013013396,398.62701301339536,0.0,Flat,range,1.2439,1.0
2020-04-17 08:00:00+00:00,10398.627013013396,398.62701301339536,0.0,Flat,range,1.24779,1.0
2020-04-17 12:00:00+00:00,10398.627013013396,398.62701301339536,0.0,Flat,range,1.24992,1.0
2020-04-17 16:00:00+00:00,10398.627013013396,398.62701301339536,0.0,Flat,range,1.24983,1.0
2020-04-17 20:00:00+00:00,10398.627013013396,398.62701301339536,0.0,Flat,range,1.24939,1.0
2020-04-19 20:00:00+00:00,10398.627013013396,398.62701301339536,0.0,Flat,range,1.24843,1.0
2020-04-20 00:00:00+00:00,10398.627013013396,398.62701301339536,0.0,Flat,range,1.24717,1.0
2020-04-20 04:00:00+00:00,10398.627013013396,398.62701301339536,0.0,Flat,range,1.24645,1.0
2020-04-20 08:00:00+00:00,10398.627013013396,398.62701301339536,0.0,Flat,range,1.24393,1.0
2020-04-20 12:00:00+00:00,10398.627013013396,398.62701301339536,0.0,Flat,range,1.24647,1.0
2020-04-20 16:00:00+00:00,10398.627013013396,398.62701301339536,0.0,Flat,range,1.24297,1.0
2020-04-20 20:00:00+00:00,10398.627013013396,398.62701301339536,0.0,Flat,range,1.24396,1.0
2020-04-21 00:00:00+00:00,10398.627013013396,398.62701301339536,0.0,Flat,range,1.2404,1.0
2020-04-21 04:00:00+00:00,10398.627013013396,398.62701301339536,0.0,Flat,range,1.23989,1.0
2020-04-21 08:00:00+00:00,10398.627013013396,398.62701301339536,0.0,Flat,range,1.22998,1.0
2020-04-21 12:00:00+00:00,10398.627013013396,398.62701301339536,0.0,Flat,range,1.22617,1.0
2020-04-21 16:00:00+00:00,10398.627013013396,398.62701301339536,0.0,Flat,range,1.23033,1.0
2020-04-21 20:00:00+00:00,10398.627013013396,398.62701301339536,0.0,Flat,range,1.23006,1.0
2020-04-22 00:00:00+00:00,10398.627013013396,398.62701301339536,0.0,Flat,range,1.22862,1.0
2020-04-22 04:00:00+00:00,10398.627013013396,398.62701301339536,0.0,Flat,range,1.23367,1.0
2020-04-22 08:00:00+00:00,10398.627013013396,398.62701301339536,0.0,Flat,range,1.23715,1.0
2020-04-22 12:00:00+00:00,10398.627013013396,398.62701301339536,0.0,Flat,range,1.23299,1.0
2020-04-22 16:00:00+00:00,10398.627013013396,398.62701301339536,0.0,Flat,range,1.23197,1.0
2020-04-22 20:00:00+00:00,10398.627013013396,398.62701301339536,0.0,Flat,range,1.23216,1.0
2020-04-23 00:00:00+00:00,10398.627013013396,398.62701301339536,0.0,Flat,range,1.23247,1.0
2020-04-23 04:00:00+00:00,10398.627013013396,398.62701301339536,0.0,Flat,range,1.23179,1.0
2020-04-23 08:00:00+00:00,10398.627013013396,398.62701301339536,0.0,Flat,range,1.23447,1.0
2020-04-23 12:00:00+00:00,10398.627013013396,398.62701301339536,0.0,Flat,range,1.23679,1.0
2020-04-23 16:00:00+00:00,10398.627013013396,398.62701301339536,0.0,Flat,range,1.23537,1.0
2020-04-23 20:00:00+00:00,10398.627013013396,398.62701301339536,0.0,Flat,range,1.23513,1.0
2020-04-24 00:00:00+00:00,10398.627013013396,398.62701301339536,0.0,Flat,range,1.23532,1.0
2020-04-24 04:00:00+00:00,10398.627013013396,398.62701301339536,0.0,Flat,range,1.23197,1.0
2020-04-24 08:00:00+00:00,10398.627013013396,398.62701301339536,0.0,Flat,range,1.23478,1.0
2020-04-24 12:00:00+00:00,10398.627013013396,398.62701301339536,0.0,Flat,range,1.23312,1.0
2020-04-24 16:00:00+00:00,10398.627013013396,398.62701301339536,0.0,Flat,range,1.23671,1.0
2020-04-24 20:00:00+00:00,10398.627013013396,398.62701301339536,0.0,Flat,range,1.23654,1.0
2020-04-26 20:00:00+00:00,10398.627013013396,398.62701301339536,0.0,Flat,range,1.23667,1.0
2020-04-27 00:00:00+00:00,10398.627013013396,398.62701301339536,0.0,Flat,range,1.24027,1.0
2020-04-27 04:00:00+00:00,10398.627013013396,398.62701301339536,0.0,Flat,range,1.24292,1.0
2020-04-27 08:00:00+00:00,10398.627013013396,398.62701301339536,0.0,Flat,range,1.24374,1.0
2020-04-27 12:00:00+00:00,10398.627013013396,398.62701301339536,0.0,Flat,range,1.24203,1.0
2020-04-27 16:00:00+00:00,10398.627013013396,398.62701301339536,0.0,Flat,range,1.24257,1.0
2020-04-27 20:00:00+00:00,10398.627013013396,398.62701301339536,0.0,Flat,range,1.24207,1.0
2020-04-28 00:00:00+00:00,10398.627013013396,398.62701301339536,0.0,Flat,range,1.24156,1.0
2020-04-28 04:00:00+00:00,10398.627013013396,398.62701301339536,0.0,Flat,range,1.24693,1.0
2020-04-28 08:00:00+00:00,10398.627013013396,398.62701301339536,0.0,Flat,range,1.24955,1.0
2020-04-28 12:00:00+00:00,10398.627013013396,398.62701301339536,0.0,Flat,range,1.24363,1.0
2020-04-28 16:00:00+00:00,10398.627013013396,398.62701301339536,0.0,Flat,range,1.24358,1.0
2020-04-28 20:00:00+00:00,10398.627013013396,398.62701301339536,0.0,Flat,range,1.24341,1.0
2020-04-29 00:00:00+00:00,10398.627013013396,398.62701301339536,0.0,Flat,range,1.24744,1.0
2020-04-29 04:00:00+00:00,10398.627013013396,398.62701301339536,0.0,Flat,range,1.24595,1.0
2020-04-29 08:00:00+00:00,10398.627013013396,398.62701301339536,0.0,Flat,range,1.23955,1.0
2020-04-29 12:00:00+00:00,10398.627013013396,398.62701301339536,0.0,Flat,range,1.24275,1.0
2020-04-29 16:00:00+00:00,10398.627013013396,398.62701301339536,0.0,Flat,range,1.24586,1.0
2020-04-29 20:00:00+00:00,10398.627013013396,398.62701301339536,0.0,Flat,range,1.24696,1.0
2020-04-30 00:00:00+00:00,10398.627013013396,398.62701301339536,0.0,Flat,range,1.24622,1.0
2020-04-30 04:00:00+00:00,10398.627013013396,398.62701301339536,0.0,Flat,range,1.24667,1.0
2020-04-30 08:00:00+00:00,10398.627013013396,398.62701301339536,0.0,Flat,range,1.25142,1.0
2020-04-30 12:00:00+00:00,10398.627013013396,398.62701301339536,0.0,Flat,volatility_spike,1.26023,1.0
2020-04-30 16:00:00+00:00,10398.627013013396,398.62701301339536,0.0,Flat,volatility_spike,1.25933,1.0
2020-04-30 20:00:00+00:00,10398.627013013396,398.62701301339536,0.0,Flat,range,1.25805,1.0
2020-05-01 00:00:00+00:00,10398.627013013396,398.62701301339536,0.0,Flat,range,1.25641,1.0
2020-05-01 04:00:00+00:00,10398.627013013396,398.62701301339536,0.0,Flat,range,1.25558,1.0
2020-05-01 08:00:00+00:00,10398.627013013396,398.62701301339536,0.0,Flat,range,1.25329,1.0
2020-05-01 12:00:00+00:00,10398.627013013396,398.62701301339536,0.0,Flat,range,1.25077,1.0
2020-05-01 16:00:00+00:00,10398.627013013396,398.62701301339536,0.0,Flat,range,1.25094,1.0
2020-05-01 20:00:00+00:00,10398.627013013396,398.62701301339536,0.0,Flat,range,1.24869,1.0
2020-05-03 20:00:00+00:00,10398.627013013396,398.62701301339536,0.0,Flat,range,1.24548,1.0
2020-05-04 00:00:00+00:00,10398.627013013396,398.62701301339536,0.0,Flat,range,1.24583,1.0
2020-05-04 04:00:00+00:00,10398.627013013396,398.62701301339536,0.0,Flat,range,1.2455,1.0
2020-05-04 08:00:00+00:00,10398.627013013396,398.62701301339536,0.0,Flat,range,1.24399,1.0
2020-05-04 12:00:00+00:00,10398.627013013396,398.62701301339536,0.0,Flat,range,1.24288,1.0
2020-05-04 16:00:00+00:00,10398.627013013396,398.62701301339536,0.0,Flat,range,1.24461,1.0
2020-05-04 20:00:00+00:00,10398.627013013396,398.62701301339536,0.0,Flat,range,1.24445,1.0
2020-05-05 00:00:00+00:00,10398.627013013396,398.62701301339536,0.0,Flat,range,1.24619,1.0
2020-05-05 04:00:00+00:00,10398.627013013396,398.62701301339536,0.0,Flat,range,1.24606,1.0
2020-05-05 08:00:00+00:00,10398.627013013396,398.62701301339536,0.0,Flat,range,1.24489,1.0
2020-05-05 12:00:00+00:00,10398.627013013396,398.62701301339536,0.0,Flat,range,1.24473,1.0
2020-05-05 16:00:00+00:00,10398.627013013396,398.62701301339536,0.0,Flat,range,1.24421,1.0
2020-05-05 20:00:00+00:00,10398.627013013396,398.62701301339536,0.0,Flat,range,1.24432,1.0
2020-05-06 00:00:00+00:00,10398.627013013396,398.62701301339536,0.0,Flat,range,1.24308,1.0
2020-05-06 04:00:00+00:00,10398.627013013396,398.62701301339536,0.0,Flat,range,1.24268,1.0
2020-05-06 08:00:00+00:00,10398.627013013396,398.62701301339536,0.0,Flat,range,1.23883,1.0
2020-05-06 12:00:00+00:00,10398.627013013396,398.62701301339536,0.0,Flat,range,1.23447,1.0
2020-05-06 16:00:00+00:00,10398.627013013396,398.62701301339536,0.0,Flat,range,1.2341,1.0
2020-05-06 20:00:00+00:00,10398.627013013396,398.62701301339536,0.0,Flat,range,1.23236,1.0
2020-05-07 00:00:00+00:00,10398.627013013396,398.62701301339536,0.0,Flat,range,1.23208,1.0
2020-05-07 04:00:00+00:00,10398.627013013396,398.62701301339536,0.0,Flat,range,1.2374,1.0
2020-05-07 08:00:00+00:00,10398.627013013396,398.62701301339536,0.0,Flat,range,1.23473,1.0
2020-05-07 12:00:00+00:00,10398.627013013396,398.62701301339536,0.0,Flat,range,1.23471,1.0
2020-05-07 16:00:00+00:00,10398.627013013396,398.62701301339536,0.0,Flat,range,1.23531,1.0
2020-05-07 20:00:00+00:00,10398.627013013396,398.62701301339536,0.0,Flat,range,1.23732,1.0
2020-05-08 00:00:00+00:00,10398.627013013396,398.62701301339536,0.0,Flat,range,1.2394,1.0
2020-05-08 04:00:00+00:00,10398.627013013396,398.62701301339536,0.0,Flat,range,1.23852,1.0
2020-05-08 08:00:00+00:00,10398.627013013396,398.62701301339536,0.0,Flat,range,1.23815,1.0
2020-05-08 12:00:00+00:00,10398.627013013396,398.62701301339536,0.0,Flat,range,1.24339,1.0
2020-05-08 16:00:00+00:00,10398.627013013396,398.62701301339536,0.0,Flat,range,1.24047,1.0
2020-05-08 20:00:00+00:00,10398.627013013396,398.62701301339536,0.0,Flat,range,1.24033,1.0
2020-05-10 20:00:00+00:00,10398.627013013396,398.62701301339536,0.0,Flat,range,1.24163,1.0
2020-05-11 00:00:00+00:00,10398.627013013396,398.62701301339536,0.0,Flat,range,1.2431,1.0
2020-05-11 04:00:00+00:00,10398.627013013396,398.62701301339536,0.0,Flat,range,1.23814,1.0
2020-05-11 08:00:00+00:00,10398.627013013396,398.62701301339536,0.0,Flat,range,1.22915,1.0
2020-05-11 12:00:00+00:00,10398.627013013396,398.62701301339536,0.0,Flat,range,1.23279,1.0
2020-05-11 16:00:00+00:00,10398.627013013396,398.62701301339536,0.0,Flat,range,1.2337,1.0
2020-05-11 20:00:00+00:00,10398.627013013396,398.62701301339536,0.0,Flat,range,1.23311,1.0
2020-05-12 00:00:00+00:00,10398.627013013396,398.62701301339536,0.0,Flat,range,1.23233,1.0
2020-05-12 04:00:00+00:00,10398.627013013396,398.62701301339536,0.0,Flat,range,1.23419,1.0
2020-05-12 08:00:00+00:00,10398.627013013396,398.62701301339536,0.0,Flat,range,1.23704,1.0
2020-05-12 12:00:00+00:00,10398.627013013396,398.62701301339536,0.0,Flat,range,1.22962,1.0
2020-05-12 16:00:00+00:00,10398.627013013396,398.62701301339536,0.0,Flat,range,1.22769,1.0
2020-05-12 20:00:00+00:00,10398.627013013396,398.62701301339536,0.0,Flat,range,1.2251,1.0
2020-05-13 00:00:00+00:00,10398.627013013396,398.62701301339536,0.0,Flat,range,1.22669,1.0
2020-05-13 04:00:00+00:00,10398.627013013396,398.62701301339536,0.0,Flat,range,1.22701,1.0
2020-05-13 08:00:00+00:00,10398.627013013396,398.62701301339536,0.0,Flat,range,1.23214,1.0
2020-05-13 12:00:00+00:00,10398.627013013396,398.62701301339536,0.0,Short,volatility_spike,1.22241,1.0
2020-05-13 16:00:00+00:00,10402.114473013396,398.62701301339536,3.4874600000001825,Short,volatility_spike,1.222,1.0
2020-05-13 20:00:00+00:00,10386.888733013397,398.62701301339536,-11.738279999999463,Short,range,1.22379,1.0
2020-05-14 00:00:00+00:00,10409.769873013396,398.62701301339536,11.14285999999934,Short,range,1.2211,1.0
2020-05-14 04:00:00+00:00,10427.207173013396,398.62701301339536,28.58016000000025,Short,range,1.21905,1.0
2020-05-14 08:00:00+00:00,10420.572493013397,398.62701301339536,21.945480000000227,Short,range,1.21983,1.0
2020-05-14 12:00:00+00:00,10425.505973013396,398.62701301339536,26.87896000000044,Short,range,1.21925,1.0
2020-05-14 16:00:00+00:00,10397.095933013396,398.62701301339536,-1.5310800000005869,Short,range,1.22259,1.0
2020-05-14 20:00:00+00:00,10390.971613013397,398.62701301339536,-7.655399999999156,Short,range,1.22331,1.0
2020-05-15 00:00:00+00:00,10411.896373013396,398.62701301339536,13.269360000000049,Short,range,1.22085,1.0
2020-05-15 04:00:00+00:00,10407.558313013396,398.62701301339536,8.931299999999961,Short,range,1.22136,1.0
2020-05-15 08:00:00+00:00,10454.256253013396,398.62701301339536,55.62923999999992,Short,range,1.21587,1.0
2020-05-15 12:00:00+00:00,10480.284613013397,398.62701301339536,81.65760000000046,Short,range,1.21281,1.0
2020-05-15 16:00:00+00:00,10489.641213013396,398.62701301339536,91.01419999999942,Short,range,1.21171,1.0
2020-05-15 20:00:00+00:00,10503.931293013396,398.62701301339536,105.30428000000049,Short,range,1.21003,1.0
2020-05-17 20:00:00+00:00,10517.455833013397,398.62701301339536,118.82882000000032,Short,range,1.20844,1.0
2020-05-18 00:00:00+00:00,10497.892033013397,398.62701301339536,99.26502000000059,Short,range,1.21074,1.0
2020-05-18 04:00:00+00:00,10496.786253013397,398.62701301339536,98.15924000000089,Short,range,1.21087,1.0
2020-05-18 08:00:00+00:00,10460.975993013397,398.62701301339536,62.3489800000005,Short,range,1.21508,1.0
2020-05-18 12:00:00+00:00,10407.50070301997,407.5007030199699,0.0,Flat,range,1.22078,1.0
2020-05-18 16:00:00+00:00,10407.50070301997,407.5007030199699,0.0,Flat,range,1.21981,1.0
2020-05-18 20:00:00+00:00,10407.50070301997,407.5007030199699,0.0,Flat,range,1.21994,1.0
2020-05-19 00:00:00+00:00,10407.50070301997,407.5007030199699,0.0,Flat,range,1.2192,1.0
2020-05-19 04:00:00+00:00,10407.50070301997,407.5007030199699,0.0,Flat,range,1.22478,1.0
2020-05-19 08:00:00+00:00,10407.50070301997,407.5007030199699,0.0,Flat,range,1.22358,1.0
2020-05-19 12:00:00+00:00,10407.50070301997,407.5007030199699,0.0,Flat,range,1.22512,1.0
2020-05-19 16:00:00+00:00,10407.50070301997,407.5007030199699,0.0,Flat,range,1.22536,1.0
2020-05-19 20:00:00+00:00,10407.50070301997,407.5007030199699,0.0,Flat,range,1.22551,1.0
2020-05-20 00:00:00+00:00,10407.50070301997,407.5007030199699,0.0,Flat,range,1.2259,1.0
2020-05-20 04:00:00+00:00,10407.50070301997,407.5007030199699,0.0,Flat,range,1.22253,1.0
2020-05-20 08:00:00+00:00,10407.50070301997,407.5007030199699,0.0,Flat,range,1.2263,1.0
2020-05-20 12:00:00+00:00,10407.50070301997,407.5007030199699,0.0,Flat,range,1.22543,1.0
2020-05-20 16:00:00+00:00,10407.50070301997,407.5007030199699,0.0,Flat,range,1.22312,1.0
2020-05-20 20:00:00+00:00,10407.50070301997,407.5007030199699,0.0,Flat,range,1.22359,1.0
2020-05-21 00:00:00+00:00,10407.50070301997,407.5007030199699,0.0,Flat,range,1.21961,1.0
2020-05-21 04:00:00+00:00,10407.50070301997,407.5007030199699,0.0,Flat,range,1.21912,1.0
2020-05-21 08:00:00+00:00,10407.50070301997,407.5007030199699,0.0,Flat,range,1.22246,1.0
2020-05-21 12:00:00+00:00,10407.50070301997,407.5007030199699,0.0,Flat,range,1.22236,1.0
2020-05-21 16:00:00+00:00,10407.50070301997,407.5007030199699,0.0,Flat,range,1.2219,1.0
2020-05-21 20:00:00+00:00,10407.50070301997,407.5007030199699,0.0,Flat,range,1.22217,1.0
2020-05-22 00:00:00+00:00,10407.50070301997,407.5007030199699,0.0,Flat,range,1.22119,1.0
2020-05-22 04:00:00+00:00,10407.50070301997,407.5007030199699,0.0,Flat,range,1.21671,1.0
2020-05-22 08:00:00+00:00,10407.50070301997,407.5007030199699,0.0,Flat,range,1.21785,1.0
2020-05-22 12:00:00+00:00,10407.50070301997,407.5007030199699,0.0,Flat,range,1.21757,1.0
2020-05-22 16:00:00+00:00,10407.50070301997,407.5007030199699,0.0,Flat,range,1.21748,1.0
2020-05-22 20:00:00+00:00,10407.50070301997,407.5007030199699,0.0,Flat,range,1.21665,1.0
2020-05-24 20:00:00+00:00,10407.50070301997,407.5007030199699,0.0,Flat,range,1.21854,1.0
2020-05-25 00:00:00+00:00,10407.50070301997,407.5007030199699,0.0,Flat,range,1.2177,1.0
2020-05-25 04:00:00+00:00,10407.50070301997,407.5007030199699,0.0,Flat,range,1.21647,1.0
2020-05-25 08:00:00+00:00,10407.50070301997,407.5007030199699,0.0,Flat,range,1.21913,1.0
2020-05-25 12:00:00+00:00,10407.50070301997,407.5007030199699,0.0,Flat,range,1.21952,1.0
2020-05-25 16:00:00+00:00,10407.50070301997,407.5007030199699,0.0,Flat,range,1.21933,1.0
2020-05-25 20:00:00+00:00,10407.50070301997,407.5007030199699,0.0,Flat,range,1.22015,1.0
2020-05-26 00:00:00+00:00,10407.50070301997,407.5007030199699,0.0,Flat,range,1.2216,1.0
2020-05-26 04:00:00+00:00,10407.50070301997,407.5007030199699,0.0,Flat,range,1.22645,1.0
2020-05-26 08:00:00+00:00,10407.50070301997,407.5007030199699,0.0,Flat,range,1.23379,1.0
2020-05-26 12:00:00+00:00,10407.50070301997,407.5007030199699,0.0,Flat,range,1.23349,1.0
2020-05-26 16:00:00+00:00,10407.50070301997,407.5007030199699,0.0,Flat,range,1.23275,1.0
2020-05-26 20:00:00+00:00,10407.50070301997,407.5007030199699,0.0,Flat,range,1.23313,1.0
2020-05-27 00:00:00+00:00,10407.50070301997,407.5007030199699,0.0,Flat,range,1.23176,1.0
2020-05-27 04:00:00+00:00,10407.50070301997,407.5007030199699,0.0,Flat,range,1.22966,1.0
2020-05-27 08:00:00+00:00,10407.50070301997,407.5007030199699,0.0,Flat,range,1.23123,1.0
2020-05-27 12:00:00+00:00,10407.50070301997,407.5007030199699,0.0,Flat,range,1.22294,1.0
2020-05-27 16:00:00+00:00,10407.50070301997,407.5007030199699,0.0,Flat,range,1.22543,1.0
2020-05-27 20:00:00+00:00,10407.50070301997,407.5007030199699,0.0,Flat,range,1.22625,1.0
2020-05-28 00:00:00+00:00,10407.50070301997,407.5007030199699,0.0,Flat,range,1.22525,1.0
2020-05-28 04:00:00+00:00,10407.50070301997,407.5007030199699,0.0,Flat,range,1.22581,1.0
2020-05-28 08:00:00+00:00,10407.50070301997,407.5007030199699,0.0,Flat,range,1.22537,1.0
2020-05-28 12:00:00+00:00,10407.50070301997,407.5007030199699,0.0,Flat,range,1.23242,1.0
2020-05-28 16:00:00+00:00,10407.50070301997,407.5007030199699,0.0,Flat,range,1.23138,1.0
2020-05-28 20:00:00+00:00,10407.50070301997,407.5007030199699,0.0,Flat,range,1.23182,1.0
2020-05-29 00:00:00+00:00,10407.50070301997,407.5007030199699,0.0,Flat,range,1.23276,1.0
2020-05-29 04:00:00+00:00,10407.50070301997,407.5007030199699,0.0,Flat,range,1.23203,1.0
2020-05-29 08:00:00+00:00,10407.50070301997,407.5007030199699,0.0,Flat,range,1.23647,1.0
2020-05-29 12:00:00+00:00,10407.50070301997,407.5007030199699,0.0,Flat,range,1.23167,1.0
2020-05-29 16:00:00+00:00,10407.50070301997,407.5007030199699,0.0,Flat,range,1.2348,1.0
2020-05-29 20:00:00+00:00,10407.50070301997,407.5007030199699,0.0,Flat,range,1.23454,1.0
2020-05-31 20:00:00+00:00,10407.50070301997,407.5007030199699,0.0,Flat,range,1.23448,1.0
2020-06-01 00:00:00+00:00,10407.50070301997,407.5007030199699,0.0,Flat,range,1.23859,1.0
