trade_id,pair,side,entry_time,exit_time,entry_price,exit_price,size_units,pnl_quote,pnl_usd,pnl_pct,cumulative_pnl_usd,cumulative_pnl_pct,entry_reason,exit_reason,entry_regime,exit_regime,bars_held,max_favorable_excursion_pct,max_adverse_excursion_pct,commission_paid_usd,signal_strength,equity_at_entry,strategy_scores,position_type
1,GBPUSD,Short,2018-05-30 00:00:00+00:00,2018-06-07 00:00:00+00:00,1.32838,1.3464003080243936,5549,-99.99468922736061,-99.99468922736061,-0.00999946892273606,-99.99468922736061,-0.00999946892273606,Trend Bearish,ATR Exit,trend_down,trend_down,7,0.0022583899185473224,-0.01418268868847784,0.0,-0.7780664524535,10000.0,"{'trend': 0.7780664524535, 'mean_reversion': 0.11096677377324997, 'breakout': 0.11096677377324997}",Short
2,GBPUSD,Short,2018-06-19 00:00:00+00:00,2018-07-09 00:00:00+00:00,1.31728,1.3355420493295598,5421,-98.99856941554351,-98.99856941554351,-0.009999850132183134,-198.99325864290412,-0.019899325864290413,Trend Bearish,ATR Exit,trend_down,range,17,0.009360196769099927,-0.014400886675573857,0.0,-0.6739125176470561,9900.00531077264,"{'trend': 0.6739125176470561, 'mean_reversion': 0.163043741176472, 'breakout': 0.163043741176472}",Short
3,GBPUSD,Short,2019-01-27 00:00:00+00:00,2019-02-19 00:00:00+00:00,1.32073,1.2983447962128303,4227,94.62225640836625,94.62225640836625,0.009654340508622523,-104.37100223453787,-0.010437100223453786,Range Reversion Short,Trailing Stop Exit,range,range,20,0.032906044384544954,-0.00011357355401943964,0.0,-0.821089136746123,9801.006741357096,"{'trend': 0.04475567305996586, 'mean_reversion': 0.821089136746123, 'breakout': 0.1341551901939111}",Short
4,GBPUSD,Long,2019-09-05 00:00:00+00:00,2019-09-26 00:00:00+00:00,1.23241,1.2343587183300093,4616,8.995283811322992,8.995283811322992,0.0009090158708813985,-95.37571842321488,-0.009537571842321488,Channel Breakout Long,Break-Even Stop,volatility_spike,range,18,0.020934591572609802,-0.007392020512654029,0.0,0.7489428172041086,9895.628997765461,"{'trend': 0.041243879379992666, 'mean_reversion': 0.2098133034158988, 'breakout': 0.7489428172041086}",Long
5,GBPUSD,Long,2019-10-15 00:00:00+00:00,2019-11-08 00:00:00+00:00,1.27592,1.278242098191367,3877,9.002774687929753,9.002774687929753,0.0009089466124096671,-86.37294373528512,-0.008637294373528512,Channel Breakout Long,Break-Even Stop,volatility_spike,range,21,0.019813154429744788,-0.008119631324847894,0.0,0.8126318553867906,9904.624281576786,"{'trend': 0.030780992083237434, 'mean_reversion': 0.1565871525299719, 'breakout': 0.8126318553867906}",Long
6,GBPUSD,Short,2020-03-17 00:00:00+00:00,2020-03-20 00:00:00+00:00,1.21152,1.1824541225503797,2877,83.62252942255729,83.62252942255729,0.008435109465784648,-2.750414312727827,-0.0002750414312727827,Channel Breakout Short,Trailing Stop Exit,volatility_spike,volatility_spike,3,0.058249141574220835,-0.0011720813523507468,0.0,-0.8189627638151951,9913.627056264715,"{'trend': 0.02974094526729281, 'mean_reversion': 0.151296290917512, 'breakout': 0.8189627638151951}",Short
7,GBPUSD,Short,2020-09-08 00:00:00+00:00,2020-09-16 00:00:00+00:00,1.29641,1.294192351251568,4098,9.087924571074334,9.087924571074334,0.0009090424814526198,6.337510258346507,0.0006337510258346507,Channel Breakout Short,Break-Even Stop,volatility_spike,range,7,0.015581490423554273,-0.005445808039123305,0.0,-0.8080933729045741,9997.249585687272,"{'trend': 0.03152657769835578, 'mean_reversion': 0.16038004939707023, 'breakout': 0.8080933729045741}",Short
8,GBPUSD,Short,2021-02-24 00:00:00+00:00,2021-03-11 00:00:00+00:00,1.41461,1.3975694082795098,5374,91.57613990591383,91.57613990591383,0.00915181401906855,97.91365016426035,0.009791365016426034,RSI Overbought Short,Trailing Stop Exit,range,range,13,0.02599302988102726,-0.002537801938343418,0.0,-0.8339639568372338,10006.337510258347,"{'trend': 0.027733921774659172, 'mean_reversion': 0.8339639568372338, 'breakout': 0.13830212138810694}",Short
9,GBPUSD,Short,2022-03-04 00:00:00+00:00,2022-03-17 00:00:00+00:00,1.32249,1.320577819468656,4800,9.178466550451247,9.178466550451247,0.0009089468249019879,107.0921167147116,0.01070921167147116,Channel Breakout Short,Break-Even Stop,volatility_spike,trend_down,11,0.017005799665781897,-0.0012854539542832347,0.0,-0.8138244912891659,10097.91365016426,"{'trend': 0.03060150789344249, 'mean_reversion': 0.1555740008173916, 'breakout': 0.8138244912891659}",Short
10,GBPUSD,Long,2022-04-24 00:00:00+00:00,2022-04-26 00:00:00+00:00,1.28278,1.2659992068313937,6023,-101.07071725451615,-101.07071725451615,-0.009999979824797419,6.02139946019544,0.000602139946019544,Range Reversion Long,ATR Exit,range,range,2,0.0001325246729758832,-0.020899920485196215,0.0,0.8317396146750652,10107.092116714712,"{'trend': 0.027521820529038055, 'mean_reversion': 0.8317396146750652, 'breakout': 0.1407385647958968}",Long
11,GBPUSD,Short,2022-05-11 00:00:00+00:00,2022-05-17 00:00:00+00:00,1.22332,1.2484626993239665,3979,-100.04280061006274,-100.04280061006274,-0.009998259709444538,-94.0214011498673,-0.00940214011498673,Channel Breakout Short,ATR Exit,volatility_spike,range,5,0.006392440244580272,-0.021711408298728165,0.0,-0.849436661336082,10006.021399460196,"{'trend': 0.03154934375022784, 'mean_reversion': 0.11901399491369029, 'breakout': 0.849436661336082}",Short
12,GBPUSD,Long,2022-08-21 00:00:00+00:00,2022-09-01 00:00:00+00:00,1.18184,1.1587226569737008,4285,-99.05781486769206,-99.05781486769206,-0.00999980101705353,-193.07921601755936,-0.019307921601755935,Range Reversion Long,ATR Exit,range,range,10,0.006963717592905943,-0.02707642320449471,0.0,0.8220154348845607,9905.978598850133,"{'trend': 0.036176922739589036, 'mean_reversion': 0.8220154348845607, 'breakout': 0.14180764237585022}",Long
13,GBPUSD,Short,2022-09-25 00:00:00+00:00,2022-09-27 00:00:00+00:00,1.07924,1.0655753962688432,3401,46.47331728966409,46.47331728966409,0.00473882866124182,-146.60589872789527,-0.014660589872789526,Channel Breakout Short,Trailing Stop Exit,volatility_spike,volatility_spike,2,0.04320633038063818,-0.01273118120158638,0.0,-0.8548336679209388,9806.920783982441,"{'trend': 0.039184569257318204, 'mean_reversion': 0.10598176282174296, 'breakout': 0.8548336679209388}",Short
14,GBPUSD,Short,2022-12-02 00:00:00+00:00,2023-01-13 00:00:00+00:00,1.22772,1.224661409410016,2928,8.9555532474726,8.9555532474726,0.0009088800422908499,-137.65034548042266,-0.013765034548042265,Range Reversion Short,Break-Even Stop,range,range,36,0.035545564135144744,-0.013781644023067188,0.0,-0.7660205219415481,9853.394101272104,"{'trend': 0.046112464977053985, 'mean_reversion': 0.7660205219415481, 'breakout': 0.1878670130813979}",Short
15,GBPUSD,Short,2023-06-18 00:00:00+00:00,2023-06-22 00:00:00+00:00,1.28308,1.2814197965692307,5400,8.965098526154414,8.965098526154414,0.0009090225798317762,-128.68524695426825,-0.012868524695426825,Range Reversion Short,Break-Even Stop,range,range,4,0.010911244817158721,-0.00069364342051942,0.0,-0.785382328729261,9862.349654519578,"{'trend': 0.042269504664124435, 'mean_reversion': 0.785382328729261, 'breakout': 0.17234816660661462}",Short
16,GBPUSD,Long,2024-04-14 00:00:00+00:00,2024-04-22 00:00:00+00:00,1.24593,1.2307714579699858,6512,-98.71242569945254,-98.71242569945254,-0.009999926875900239,-227.3976726537208,-0.02273976726537208,Range Reversion Long,ATR Exit,range,range,7,0.003130191904842178,-0.012857865209120837,0.0,0.7961212555588757,9871.314753045732,"{'trend': 0.040154445288890325, 'mean_reversion': 0.7961212555588757, 'breakout': 0.16372429915223402}",Long
17,GBPUSD,Short,2024-05-19 00:00:00+00:00,2024-06-12 00:00:00+00:00,1.27055,1.284285477308141,7114,-97.71418557011395,-97.71418557011395,-0.009998788684635645,-325.11185822383476,-0.03251118582238348,Range Reversion Short,ATR Exit,range,range,21,0.002376923379638757,-0.012191570579670224,0.0,-0.7730476259722949,9772.60232734628,"{'trend': 0.044698856229767145, 'mean_reversion': 0.7730476259722949, 'breakout': 0.1822535177979379}",Short
